tax,region,page
宿泊税,北海道,pages/hokkaido.html
宿泊税,青森県,pages/aomori.html
宿泊税,岩手県,pages/iwate.html
宿泊税,宮城県,pages/miyagi.html
宿泊税,秋田県,pages/akita.html
宿泊税,山形県,pages/yamagata.html
宿泊税,福島県,pages/fukushima.html
宿泊税,茨城県,pages/ibaraki.html
宿泊税,栃木県,pages/tochigi.html
宿泊税,群馬県,pages/gunma.html
宿泊税,埼玉県,pages/saitama.html
宿泊税,千葉県,pages/chiba.html
宿泊税,東京都,pages/tokyo.html
宿泊税,神奈川県,pages/kanagawa.html
宿泊税,新潟県,pages/niigata.html
宿泊税,富山県,pages/toyama.html
宿泊税,石川県,pages/ishikawa.html
宿泊税,福井県,pages/fukui.html
宿泊税,山梨県,pages/yamanashi.html
宿泊税,長野県,pages/nagano.html
宿泊税,岐阜県,pages/gifu.html
宿泊税,静岡県,pages/shizuoka.html
宿泊税,愛知県,pages/aichi.html
宿泊税,三重県,pages/mie.html
宿泊税,滋賀県,pages/shiga.html
宿泊税,京都府,pages/kyoto.html
宿泊税,大阪府,pages/osaka.html
宿泊税,兵庫県,pages/hyogo.html
宿泊税,奈良県,pages/nara.html
宿泊税,和歌山県,pages/wakayama.html
宿泊税,鳥取県,pages/tottori.html
宿泊税,島根県,pages/shimane.html
宿泊税,岡山県,pages/okayama.html
宿泊税,広島県,pages/hiroshima.html
宿泊税,山口県,pages/yamaguchi.html
宿泊税,徳島県,pages/tokushima.html
宿泊税,香川県,pages/kagawa.html
宿泊税,愛媛県,pages/ehime.html
宿泊税,高知県,pages/kochi.html
宿泊税,福岡県,pages/fukuoka.html
宿泊税,佐賀県,pages/saga.html
宿泊税,長崎県,pages/nagasaki.html
宿泊税,熊本県,pages/kumamoto.html
宿泊税,大分県,pages/oita.html
宿泊税,宮崎県,pages/miyazaki.html
宿泊税,鹿児島県,pages/kagoshima.html
宿泊税,沖縄県,pages/okinawa.html
